{
    "bindings": [
        {
            "font": "{823d4017-b250-48be-b83f-e85ca6284b0b}",
            "language": "{d6518c4d-b823-4af5-b663-6108ac676c35}",
            "string": "{38adb2dc-7919-4277-b171-a031be8ce1bc}"
        },
        {
            "font": "{9025d1a9-a260-4ccc-9eb4-dcfeff6eceda}",
            "language": "{d6518c4d-b823-4af5-b663-6108ac676c35}",
            "string": "{399b2ee2-f99e-48c4-9a5b-9e7dd99dfad7}"
        },
        {
            "font": "{dda1563f-4cc9-4260-b91a-76b2508dc533}",
            "language": "{d6518c4d-b823-4af5-b663-6108ac676c35}",
            "string": "{4efd39a9-7b5a-425e-9516-0222b5b6f484}"
        },
        {
            "font": "{d118033d-067f-49c1-b2e1-578e5d0bedfb}",
            "language": "{d6518c4d-b823-4af5-b663-6108ac676c35}",
            "string": "{5183dbb4-e3eb-4dc4-83bd-e17a9bb3a0ae}"
        },
        {
            "font": "{dbdd594f-a20e-4428-a437-67b30a4dfe36}",
            "language": "{d6518c4d-b823-4af5-b663-6108ac676c35}",
            "string": "{5918636d-7065-47f3-949e-e52146b8d382}"
        },
        {
            "font": "{dda1563f-4cc9-4260-b91a-76b2508dc533}",
            "language": "{d6518c4d-b823-4af5-b663-6108ac676c35}",
            "string": "{6791184e-a136-428a-97c5-36c2c28ef66e}"
        },
        {
            "font": "{dbdd594f-a20e-4428-a437-67b30a4dfe36}",
            "language": "{d6518c4d-b823-4af5-b663-6108ac676c35}",
            "string": "{7b68f2da-777f-4197-b0c7-65c4e6cf7966}"
        },
        {
            "font": "{d118033d-067f-49c1-b2e1-578e5d0bedfb}",
            "language": "{d6518c4d-b823-4af5-b663-6108ac676c35}",
            "string": "{aaf26e02-82f1-460b-a305-7ae72c9dc65e}"
        },
        {
            "font": "{dbdd594f-a20e-4428-a437-67b30a4dfe36}",
            "language": "{d6518c4d-b823-4af5-b663-6108ac676c35}",
            "string": "{dc32f0b8-e761-4902-96b2-48aecf7e0298}"
        },
        {
            "font": "{dda1563f-4cc9-4260-b91a-76b2508dc533}",
            "language": "{d6518c4d-b823-4af5-b663-6108ac676c35}",
            "string": "{0787cb7c-62b1-4ebb-bf6a-7419429c6baf}"
        }
    ],
    "defaultLanguage": "{d6518c4d-b823-4af5-b663-6108ac676c35}",
    "encoding": "ASCII",
    "languages": [
        {
            "properties": {
                "__categories": [
                ],
                "__groups": [
                ],
                "enabled": {
                    "enabled": true,
                    "type": "boolean",
                    "value": true,
                    "visible": true
                },
                "id": {
                    "enabled": true,
                    "type": "uuid",
                    "value": "{d6518c4d-b823-4af5-b663-6108ac676c35}",
                    "visible": true
                },
                "name": {
                    "enabled": true,
                    "type": "text",
                    "value": "default",
                    "visible": true
                }
            }
        },
        {
            "properties": {
                "__categories": [
                ],
                "__groups": [
                ],
                "enabled": {
                    "enabled": true,
                    "type": "boolean",
                    "value": true,
                    "visible": true
                },
                "id": {
                    "enabled": true,
                    "type": "uuid",
                    "value": "{c2c1b602-cdb4-4741-a45c-3f6bce3a10f7}",
                    "visible": true
                },
                "name": {
                    "enabled": true,
                    "type": "text",
                    "value": "New_Language",
                    "visible": true
                }
            }
        }
    ],
    "paths": [
    ],
    "strings": [
        {
            "properties": {
                "__categories": [
                ],
                "__groups": [
                ],
                "description": {
                    "enabled": true,
                    "type": "text",
                    "value": "",
                    "visible": true
                },
                "id": {
                    "enabled": true,
                    "type": "uuid",
                    "value": "{0787cb7c-62b1-4ebb-bf6a-7419429c6baf}",
                    "visible": true
                },
                "name": {
                    "enabled": true,
                    "type": "text",
                    "value": "Snake_Size_text",
                    "visible": true
                },
                "path": {
                    "enabled": true,
                    "type": "text",
                    "value": "/",
                    "visible": true
                }
            },
            "values": [
                {
                    "language": "{c2c1b602-cdb4-4741-a45c-3f6bce3a10f7}",
                    "value": ""
                },
                {
                    "language": "{d6518c4d-b823-4af5-b663-6108ac676c35}",
                    "value": "Snake Size"
                }
            ]
        },
        {
            "properties": {
                "__categories": [
                ],
                "__groups": [
                ],
                "description": {
                    "enabled": true,
                    "type": "text",
                    "value": "",
                    "visible": true
                },
                "id": {
                    "enabled": true,
                    "type": "uuid",
                    "value": "{38adb2dc-7919-4277-b171-a031be8ce1bc}",
                    "visible": true
                },
                "name": {
                    "enabled": true,
                    "type": "text",
                    "value": "Game_title_label",
                    "visible": true
                },
                "path": {
                    "enabled": true,
                    "type": "text",
                    "value": "/",
                    "visible": true
                }
            },
            "values": [
                {
                    "language": "{c2c1b602-cdb4-4741-a45c-3f6bce3a10f7}",
                    "value": ""
                },
                {
                    "language": "{d6518c4d-b823-4af5-b663-6108ac676c35}",
                    "value": "Harmony 3 Snake Game"
                }
            ]
        },
        {
            "properties": {
                "__categories": [
                ],
                "__groups": [
                ],
                "description": {
                    "enabled": true,
                    "type": "text",
                    "value": "",
                    "visible": true
                },
                "id": {
                    "enabled": true,
                    "type": "uuid",
                    "value": "{399b2ee2-f99e-48c4-9a5b-9e7dd99dfad7}",
                    "visible": true
                },
                "name": {
                    "enabled": true,
                    "type": "text",
                    "value": "Snake_Lifes_label",
                    "visible": true
                },
                "path": {
                    "enabled": true,
                    "type": "text",
                    "value": "/",
                    "visible": true
                }
            },
            "values": [
                {
                    "language": "{c2c1b602-cdb4-4741-a45c-3f6bce3a10f7}",
                    "value": ""
                },
                {
                    "language": "{d6518c4d-b823-4af5-b663-6108ac676c35}",
                    "value": "Lives"
                }
            ]
        },
        {
            "properties": {
                "__categories": [
                ],
                "__groups": [
                ],
                "description": {
                    "enabled": true,
                    "type": "text",
                    "value": "",
                    "visible": true
                },
                "id": {
                    "enabled": true,
                    "type": "uuid",
                    "value": "{4efd39a9-7b5a-425e-9516-0222b5b6f484}",
                    "visible": true
                },
                "name": {
                    "enabled": true,
                    "type": "text",
                    "value": "Snake_size_value_level_1",
                    "visible": true
                },
                "path": {
                    "enabled": true,
                    "type": "text",
                    "value": "/",
                    "visible": true
                }
            },
            "values": [
                {
                    "language": "{c2c1b602-cdb4-4741-a45c-3f6bce3a10f7}",
                    "value": ""
                },
                {
                    "language": "{d6518c4d-b823-4af5-b663-6108ac676c35}",
                    "value": "1"
                }
            ]
        },
        {
            "properties": {
                "__categories": [
                ],
                "__groups": [
                ],
                "description": {
                    "enabled": true,
                    "type": "text",
                    "value": "",
                    "visible": true
                },
                "id": {
                    "enabled": true,
                    "type": "uuid",
                    "value": "{5183dbb4-e3eb-4dc4-83bd-e17a9bb3a0ae}",
                    "visible": true
                },
                "name": {
                    "enabled": true,
                    "type": "text",
                    "value": "Game_Won_Text",
                    "visible": true
                },
                "path": {
                    "enabled": true,
                    "type": "text",
                    "value": "/",
                    "visible": true
                }
            },
            "values": [
                {
                    "language": "{c2c1b602-cdb4-4741-a45c-3f6bce3a10f7}",
                    "value": ""
                },
                {
                    "language": "{d6518c4d-b823-4af5-b663-6108ac676c35}",
                    "value": "Game Won!"
                }
            ]
        },
        {
            "properties": {
                "__categories": [
                ],
                "__groups": [
                ],
                "description": {
                    "enabled": true,
                    "type": "text",
                    "value": "",
                    "visible": true
                },
                "id": {
                    "enabled": true,
                    "type": "uuid",
                    "value": "{5918636d-7065-47f3-949e-e52146b8d382}",
                    "visible": true
                },
                "name": {
                    "enabled": true,
                    "type": "text",
                    "value": "Level3",
                    "visible": true
                },
                "path": {
                    "enabled": true,
                    "type": "text",
                    "value": "/",
                    "visible": true
                }
            },
            "values": [
                {
                    "language": "{c2c1b602-cdb4-4741-a45c-3f6bce3a10f7}",
                    "value": ""
                },
                {
                    "language": "{d6518c4d-b823-4af5-b663-6108ac676c35}",
                    "value": "Level 3"
                }
            ]
        },
        {
            "properties": {
                "__categories": [
                ],
                "__groups": [
                ],
                "description": {
                    "enabled": true,
                    "type": "text",
                    "value": "",
                    "visible": true
                },
                "id": {
                    "enabled": true,
                    "type": "uuid",
                    "value": "{6791184e-a136-428a-97c5-36c2c28ef66e}",
                    "visible": true
                },
                "name": {
                    "enabled": true,
                    "type": "text",
                    "value": "Snake_size_value_level_2",
                    "visible": true
                },
                "path": {
                    "enabled": true,
                    "type": "text",
                    "value": "/",
                    "visible": true
                }
            },
            "values": [
                {
                    "language": "{c2c1b602-cdb4-4741-a45c-3f6bce3a10f7}",
                    "value": ""
                },
                {
                    "language": "{d6518c4d-b823-4af5-b663-6108ac676c35}",
                    "value": "1"
                }
            ]
        },
        {
            "properties": {
                "__categories": [
                ],
                "__groups": [
                ],
                "description": {
                    "enabled": true,
                    "type": "text",
                    "value": "",
                    "visible": true
                },
                "id": {
                    "enabled": true,
                    "type": "uuid",
                    "value": "{7b68f2da-777f-4197-b0c7-65c4e6cf7966}",
                    "visible": true
                },
                "name": {
                    "enabled": true,
                    "type": "text",
                    "value": "Level2",
                    "visible": true
                },
                "path": {
                    "enabled": true,
                    "type": "text",
                    "value": "/",
                    "visible": true
                }
            },
            "values": [
                {
                    "language": "{c2c1b602-cdb4-4741-a45c-3f6bce3a10f7}",
                    "value": ""
                },
                {
                    "language": "{d6518c4d-b823-4af5-b663-6108ac676c35}",
                    "value": "Level 2"
                }
            ]
        },
        {
            "properties": {
                "__categories": [
                ],
                "__groups": [
                ],
                "description": {
                    "enabled": true,
                    "type": "text",
                    "value": "",
                    "visible": true
                },
                "id": {
                    "enabled": true,
                    "type": "uuid",
                    "value": "{aaf26e02-82f1-460b-a305-7ae72c9dc65e}",
                    "visible": true
                },
                "name": {
                    "enabled": true,
                    "type": "text",
                    "value": "Game_Over_Text",
                    "visible": true
                },
                "path": {
                    "enabled": true,
                    "type": "text",
                    "value": "/",
                    "visible": true
                }
            },
            "values": [
                {
                    "language": "{c2c1b602-cdb4-4741-a45c-3f6bce3a10f7}",
                    "value": ""
                },
                {
                    "language": "{d6518c4d-b823-4af5-b663-6108ac676c35}",
                    "value": "Game Over!"
                }
            ]
        },
        {
            "properties": {
                "__categories": [
                ],
                "__groups": [
                ],
                "description": {
                    "enabled": true,
                    "type": "text",
                    "value": "",
                    "visible": true
                },
                "id": {
                    "enabled": true,
                    "type": "uuid",
                    "value": "{dc32f0b8-e761-4902-96b2-48aecf7e0298}",
                    "visible": true
                },
                "name": {
                    "enabled": true,
                    "type": "text",
                    "value": "Level1",
                    "visible": true
                },
                "path": {
                    "enabled": true,
                    "type": "text",
                    "value": "/",
                    "visible": true
                }
            },
            "values": [
                {
                    "language": "{c2c1b602-cdb4-4741-a45c-3f6bce3a10f7}",
                    "value": ""
                },
                {
                    "language": "{d6518c4d-b823-4af5-b663-6108ac676c35}",
                    "value": "Level 1"
                }
            ]
        }
    ]
}
